City,State
Anchorage,AK
Birmingham,AL
Huntsville,AL
Mobile,AL
Fayetteville,AR
Little Rock,AR
Phoenix,AZ
Tucson,AZ
Bakersfield,CA
Fresno,CA
Los Angeles,CA
Modesto,CA
Sacramento,CA
Salinas,CA
San Diego,CA
San Francisco,CA
San Jose,CA
Santa Barbara,CA
Santa Rosa,CA
Stockton,CA
Colorado Springs,CO
Denver,CO
Hartford,CT
New Haven,CT
Daytona Beach,FL
Fort Myers,FL
Jacksonville,FL
Lakeland,FL
Melbourne,FL
Miami,FL
Orlando,FL
Pensacola,FL
Sarasota,FL
Tampa,FL
Atlanta,GA
Augusta,GA
Honolulu,HI
Des Moines,IA
Boise,ID
Chicago,IL
Fort Wayne,IN
Indianapolis,IN
Wichita,KS
Louisville,KY
Baton Rouge,LA
Lafayette,LA
New Orleans,LA
Shreveport,LA
Boston,MA
Springfield,MA
Baltimore,MD
Portland,ME
Detroit,MI
Flint,MI
Grand Rapids,MI
Lansing,MI
Kansas City,MO
Springfield,MO
Jackson,MS
Charlotte,NC
Greensboro,NC
Winston-Salem,NC
Omaha,NE
Manchester,NH
Albuquerque,NM
Las Vegas,NV
Reno,NV
Buffalo,NY
Rochester,NY
Syracuse,NY
Cincinnati,OH
Cleveland,OH
Dayton,OH
Toledo,OH
Youngstown,OH
Oklahoma City,OK
Tulsa,OK
Portland,OR
Salem,OR
Harrisburg,PA
Philadelphia,PA
Pittsburgh,PA
Scranton,PA
York,PA
Providence,RI
Charleston,SC
Columbia,SC
Greenville,SC
Myrtle Beach,SC
Chattanooga,TN
Knoxville,TN
Memphis,TN
Nashville,TN
Austin,TX
Beaumont,TX
Brownsville,TX
Corpus Christi,TX
El Paso,TX
Houston,TX
Killeen,TX
San Antonio,TX
Salt Lake City,UT
Richmond,VA
Virginia Beach,VA
Seattle,WA
Spokane,WA
Madison,WI
Milwaukee,WI
